Label,ID,TRACK_ID,QUALITY,POSITION_X,POSITION_Y,POSITION_Z,POSITION_T,FRAME,RADIUS,VISIBILITY,MANUAL_COLOR,MEAN_INTENSITY,MEDIAN_INTENSITY,MIN_INTENSITY,MAX_INTENSITY,TOTAL_INTENSITY,STANDARD_DEVIATION,ESTIMATED_DIAMETER,CONTRAST,SNR,spot_type,SUBTRACK,step_size,track_length,flag,speed_track,dist_total,speed_dist,angle_2first,num_merges,alpha_xy,alpha_x,alpha_y,move_mean_speed,move_mean_advance
ID23611,23611,285,1.793830395,14.961839944,0,0,96,96,0.5,1,-10921639,21.711081944,18.304279327,0,62,2800.729570806,16.154863563,0.448402223,0.621125185,1.029842366,1,1,NaN,0,NaN,NaN,NaN,NaN,NaN,0,NaN,NaN,NaN,NaN,NaN
ID23663,23663,285,3.35010314,14.80679497,0,0,97,97,0.5,1,-10921639,40.027935738,40.768619537,0,67,5163.603710175,17.50943393,0.712323845,0.820654467,2.060885627,2,1,0.155044973999999,0.155044973999999,NaN,0.465134921999997,0.155044973999999,0.465134921999997,180,0,NaN,NaN,NaN,NaN,NaN
ID23769,23769,285,3.521165848,14.80679497,0,0,98,98,0.5,1,-10921639,40.455256558,43,0,72,5218.728096008,18.636018994,0.711827061,0.849523229,1.994193422,2,1,0,0.155044973999999,NaN,0.232567460999999,0.155044973999999,0.232567460999999,180,0,NaN,NaN,NaN,NaN,NaN
ID23712,23712,285,3.340097666,14.80679497,0,0,99,99,0.5,1,-10921639,37.040846662,38,0,67,4778.269219398,18.370209977,0.708822991,0.867900794,1.873756098,2,1,0,0.155044973999999,NaN,0.155044973999999,0.155044973999999,0.155044973999999,180,NaN,NaN,NaN,NaN,NaN,NaN
