data_dir,active_switch,inactive
l:\windoff\001 Projekte\0499 EBS Long Movies\01_data\dir_long_01\,1,1
l:\windoff\001 Projekte\0499 EBS Long Movies\01_data\dir_long_02\,0,0
l:\windoff\001 Projekte\0499 EBS Long Movies\01_data\dir_long_03\,0,1
l:\windoff\001 Projekte\0499 EBS Long Movies\01_data\dir_long_04\,0,1
l:\windoff\001 Projekte\0499 EBS Long Movies\01_data\dir_long_05\,0,0
l:\windoff\001 Projekte\0499 EBS Long Movies\01_data\dir_long_06\,0,0
l:\windoff\001 Projekte\0499 EBS Long Movies\01_data\dir_long_07\,0,1
l:\windoff\001 Projekte\0499 EBS Long Movies\01_data\dir_long_08\,0,1
l:\windoff\001 Projekte\0499 EBS Long Movies\01_data\dir_long_09\,0,1
l:\windoff\001 Projekte\0499 EBS Long Movies\01_data\dir_long_10\,0,0
l:\windoff\001 Projekte\0499 EBS Long Movies\01_data\dir_long_11\,0,0
l:\windoff\001 Projekte\0499 EBS Long Movies\01_data\dir_long_12\,0,1
l:\windoff\001 Projekte\0499 EBS Long Movies\01_data\dir_long_13\,0,0
l:\windoff\001 Projekte\0499 EBS Long Movies\01_data\dir_long_14\,0,0
,,
,,
,,
,,
,,
, ,
